{
  "Version": "2012-10-17",
  "Statement": [
    {
      "Effect": "Allow",
      "Action": [
        "dynamodb:Scan",
        "dynamodb:Query"
      ],
      "Resource": "arn:aws:dynamodb:us-east-1:494214590242:table/InventoryTable"
    },
    {
      "Effect": "Allow",
      "Action": [
        "sns:Publish"
      ],
      "Resource": "arn:aws:sns:us-east-1:494214590242:inventory-low-stock-alerts"
    },
    {
      "Effect": "Allow",
      "Action": [
        "logs:CreateLogGroup",
        "logs:CreateLogStream",
        "logs:PutLogEvents"
      ],
      "Resource": "arn:aws:logs:us-east-1:494214590242:*"
    }
  ]
}